County,Teams
c39167,"7515"
c49007,"6844"
c46013,"3300"
c51710,"1793"
c29107,"2457"
c55009,"1716,6318"
c55005,"2143"
c55007,"3267,4656"
c55001,"7915"
c12059,"2556,5722"
c55003,"6345,7638"
c39109,"3138,5811,6032,7434"
c47007,"4924,5005,5058,6937"
c47005,"3843,6157"
c47003,"547"
c47001,"4265,4576,4630"
c29103,"4809"
c53071,"4125,6442"
c47009,"4504,6517"
c18125,"4008"
c18127,"2171,3936"
c18121,"5188"
c20173,"935"
c18123,"3559"
c18129,"7454,7657"
c48239,"3834"
c48235,"3366"
c48237,"7303"
c36121,"340"
c48231,"148,7708"
c36123,"1551,3003,6490"
c48233,"4694"
c29067,"16,323"
c20179,"3172"
c55139,"93,2826,7915"
c12055,"1065,7450"
c08089,"662,2945,2996,4068"
c55131,"269,706,1091,3197,5096"
c55133,"269,537,706,930,1259,2062,2077,2202,2506,5096,5148,5976,6223,6421"
c08083,"1332,4944"
c08081,"7485"
c54009,"4467,4991,7670"
c05069,"7263,7878"
c05067,"6055,7075"
c05065,"6055"
c05063,"6055,7075"
c05061,"6840"
c13239,"5848"
c13231,"3344"
c13233,"4195"
c13235,"3635"
c13237,"5132"
c48309,"2950,7511"
c48301,"4301"
c48303,"1817,4717,4734,5866,5888,6993"
c48305,"1817,4717,4734,5866,5888,6993"
c48307,"647"
c54053,"3492"
c42045,"484,486,709,1391,1712,2095,2234,4575,6327,6667"
c48491,"2158,2583,3743,5052,6321,6377,6800"
c48493,"3679,5103,7264"
c48495,"4301"
c48497,"7303"
c48499,"3037"
c13305,"3329"
c20069,"935"
c13307,"5840,6919"
c13301,"7676"
c13303,"7676"
c20063,"3172"
c20061,"5968"
c20067,"4694"
c13309,"6139"
c20065,"3172"
c48015,"624,4639,5427"
c49019,"1332,4944"
c48017,"7573"
c54061,"2614"
c48013,"7088"
c17059,"7454,7657"
c49011,"3239,7905"
c49017,"2486,7897"
c48019,"6935"
c49015,"3289,3405,5071,6844"
c46085,"4593"
c05117,"7804"
c05115,"5437"
c05113,"5437"
c05111,"7430,7467"
c05119,"6131,6640,7767,7804"
c17201,"1625,2039,3352,4655"
c13011,"4189,5132,6910"
c17203,"4143,5442"
c13013,"5132,6910"
c13015,"4195,6341,7449"
c13017,"7499"
c06011,"1678,5458,6174"
c13019,"7499"
c42059,"2614"
c42041,"4050"
c48161,"2805,4641"
c48163,"3561"
c48165,"5783"
c48167,"118"
c46087,"3298"
c17029,"4096"
c17021,"4156,4314"
c17023,"5188"
c17025,"4187"
c17027,"7496"
c06009,"3189"
c39009,"7515"
c38023,"877"
c39003,"3777"
c06003,"3189"
c06005,"3189"
c06007,"4643"
c35061,"7540"
c19167,"3298"
c20085,"5968"
c12129,"6145"
c20081,"4694"
c46081,"4593"
c20083,"3172"
c28099,"590"
c12123,"6145"
c28097,"590"
c12121,"3556"
c28095,"590"
c12127,"2152"
c28093,"5002"
c12125,"3556"
c28091,"2190"
c17155,"6237"
c26033,"1596,4392,4988,5072,5706,5709,5714"
c17157,"5060"
c26031,"3537,3618,5314,5534,6573,7171"
c17151,"6157"
c26037,"5234,5704,7166,7195,7289,7665"
c17153,"4356,7255"
c26035,"6533,6642,7109,7213,7794"
c26039,"6074,6121"
c17159,"7454"
c39175,"5413"
c36041,"5030"
c22029,"7836"
c39171,"6181"
c22025,"7836"
c22027,"7899"
c22021,"3468,7834,7874,7914"
c22023,"3616,4336"
c56027,"5657"
c56025,"1303"
c21201,"7693"
c21203,"3844"
c47127,"547"
c21209,"2856"
c56029,"3374"
c12017,"4622,5842,6722"
c12015,"6743,7193"
c12013,"6145"
c16009,"7301"
c12011,"108,744,1251,2383,3653,4471,4592,5196,5410,5872,7026,7500"
c16005,"1569,3562,6680"
c16007,"2993"
c16001,"1891,2122,2594,5461,5871"
c12019,"6322"
c16003,"3712"
c40009,"2373"
c31109,"5906,6805"
c46083,"3298"
c40003,"6809"
c31103,"6359"
c40001,"2398,4005"
c31101,"4386"
c40007,"4694"
c31107,"3298"
c40005,"2352"
c31105,"4386"
c26149,"5204,5227,5501,6053,6137,6138"
c26147,"2604,3667,4779,4961,5046,5048,5167,5843,5860,5926,6085,6344,7247"
c26145,"703,4382,5166,5193,5215,5222,5229,5234,5235,5260,5524,5533,5538,5697,5712,5982,6067,6071,6073,6193,6597,6631,7491,7772,7784"
c26143,"6074,6552,7213"
c26141,"5230,5505,5534,6077,7084,7823"
c19069,"525,7411"
c46121,"4593"
c19063,"2847,4260"
c19061,"7531"
c19067,"525,7411"
c19065,"525,7411"
c21111,"5492,6858,7516"
c21113,"2856"
c21115,"3821"
c21117,"554"
c21119,"3821"
c30023,"3216"
c34041,"219,3142,6016,6945"
c27141,"3023,3740,4607,6709"
c27143,"4663,4665"
c27145,"3244,4226,4238,4728,6045,6175,7257"
c27147,"3848,4624,5434,6022"
c27149,"2538"
c51127,"4286"
c51125,"619"
c51650,"122,2028,5957"
c40139,"4694"
c51121,"401"
c51011,"5279"
c31007,"5657"
c31151,"6359"
c48065,"4694"
c28155,"590"
c47169,"4306,4740,5186,7525"
c51013,"611"
c09003,"155,175,176,177,178,181,195,571,1124,1991,2170,3146,3182,3461,3464,5686,7153,7694"
c51017,"3939"
c51015,"3361"
c47161,"3843,6157"
c48061,"2721"
c47163,"4020,5022,6219"
c51019,"3939"
c47165,"4306,4740,5186,7525"
c30099,"3216"
c47167,"4764,5002,5045,7313"
c40039,"2373"
c48063,"3037"
c31159,"6359"
c51515,"3939"
c48103,"4301"
c51720,"6802"
c55039,"2194,7915"
c48069,"7573"
c55033,"2143"
c55035,"2143,5826"
c20089,"6359"
c48107,"1817,4717,4734,5866,5888,6993"
c47015,"6846"
c47017,"3843,6157"
c47011,"7406"
c42025,"834"
c47013,"4576"
c51800,"1610"
c47019,"3984"
c18111,"5847"
c18113,"7502"
c18115,"3814"
c18117,"5403"
c18119,"5188"
c36119,"2344,4122,4773,5123,5202,6880,7004,7504,7759"
c18001,"4982"
c51830,"7330"
c48223,"148,7708"
c36111,"6463,7718"
c48221,"7125"
c36113,"6484"
c48227,"3366"
c36115,"6484"
c48225,"4295"
c36117,"578,1126,1518"
c55105,"3692,6574"
c19097,"7531"
c55107,"6732"
c55101,"930,6421,6643,6807,7900"
c55103,"5903"
c55109,"2175,2207,2501,2508,2532,3007,3130,3206,3454,3883,3926,4506,5290,6912"
c29127,"4809"
c13227,"832,1746,3815,4516,5608,6341,6944,7449,7451"
c13225,"3635"
c05079,"7263,7878"
c13221,"5132"
c05075,"6055,7075"
c05077,"7568,7868,7908"
c05071,"7106"
c05073,"6586"
c48317,"4301"
c08087,"4386"
c48315,"3037"
c48313,"4295"
c48311,"7088"
c08085,"1332,4944"
c48319,"6935"
c55135,"93,1716,6318"
c55137,"7915"
c48489,"2721"
c02150,"568"
c48487,"3457"
c48485,"3457"
c48483,"4694"
c48481,"3834"
c02158,"568"
c13313,"5900,6887"
c13311,"4509,6910,7060"
c13317,"7676"
c13315,"7499"
c13319,"4941"
c02050,"568"
c48003,"4301"
c48001,"4295"
c48007,"3834"
c48005,"2582,4295"
c54079,"3492"
c05105,"6131,6640,7767,7804"
c05107,"7798,7846,7908"
c05101,"7260"
c05103,"6855"
c05109,"6840"
c20101,"3172"
c13009,"4941"
c13007,"6919"
c13005,"3329"
c13003,"7499"
c13001,"3998"
c48179,"4694"
c48177,"3679"
c48175,"3834"
c48173,"3366"
c48171,"7621"
c06035,"5480"
c18009,"1720"
c06037,"4,207,294,330,399,580,589,597,599,606,687,691,696,702,848,867,968,980,1138,1159,1160,1197,1452,1515,1661,1759,1836,2339,2404,2429,2584,2637,2659,2710,3328,3408,3473,3759,3993,4019,4079,4123,4201,4415,4501,4578,4964,4999,5012,5089,5107,5124,5285,5500,5510,5634,5669,5678,5802,5810,5851,5857,5869,6000,6060,6658,6904,6938,7042,7185,7415,7455,7607,7871"
c06031,"1323,1422,1671,3303,3495,3970,5134,5817,6305,6926,7057,7663"
c06033,"2551,5728,6814,6883,6918"
c29137,"4809"
c29135,"4522"
c06039,"1323,1422"
c20109,"4386"
c35055,"4153"
c35057,"7540"
c35051,"1164"
c35053,"6974"
c35059,"4694"
c02020,"568"
c29223,"5060"
c29221,"7117"
c28089,"590"
c29227,"7785"
c29225,"7662"
c28085,"7836"
c28087,"590"
c29229,"3284,7662"
c28081,"5002"
c28083,"6068"
c26021,"1940,2474,2959,3452,3620,4237,4409,5056,5182,5535,6627,7814"
c17161,"648,6317"
c26023,"5501,5685,6053,6092,6425,7209"
c17163,"1208,4246,7452,7496"
c26025,"3658,4327,4408,4453,5205,5685,5710,6580,7203,7209,7219,7811"
c17165,"4187"
c26027,"2474,4325,4409,5069,5182,5204,6137,6568,6588,6627"
c17167,"4156,4314"
c26029,"3618,4376,4377,5247,6087,6098,7208"
c19179,"6889"
c06101,"4643"
c06103,"4643"
c06105,"4643"
c06107,"6657,7057"
c06109,"1323,1422"
c22013,"7899"
c22015,"1818"
c22017,"1818"
c56035,"3288"
c21211,"2783"
c21217,"2856"
c21215,"5492,6858,7516"
c21219,"7484"
c56039,"3374"
c12063,"6919"
c16019,"1566"
c12061,"7442"
c17011,"6237"
c12065,"6145,6184"
c16013,"6358"
c55078,"93,1716,6318"
c16011,"1569,3562,6680"
c12069,"1557,2797,4065"
c16017,"2130"
c17019,"4096"
c16015,"1891,2122,2594,5461,5871"
c31119,"6359"
c31111,"6359"
c31113,"6359"
c31115,"6359"
c31117,"4386"
c26159,"1254,1940,2767,2959,4855,5152,5182,5194,5227,5462,5675,6043,6568,6588,6589,7658,7809"
c40147,"2165,7744"
c26155,"5084,5234,5235,5260,5282,5561,5641,6548,7056,7166,7202"
c26157,"4994,5215,5524,5533,6631,7784"
c26151,"4994,5155,6085,6091,6093,6344,7192"
c26153,"4715,4835"
c40145,"2424,4005"
c22001,"3616,4336"
c01063,"590"
c40143,"31,932,1209,2333,2424,2795,3507,3593,5889,6026,7744"
c01061,"2556,5722"
c21109,"3844"
c21107,"7454,7657"
c21105,"3843,6157"
c40141,"3457"
c21103,"2783"
c21101,"7454,7657"
c04011,"5059,6656"
c40103,"1750"
c40101,"4005"
c51139,"4466"
c40107,"3163"
c40105,"2165"
c51135,"6189"
c51137,"4466"
c40109,"1561,2359,2395,2461,2723,2773,2986,5550,5578,5621,5930,6730"
c51131,"1908"
c27171,"3023,3026,3058,4632,4693,5348,5542,7028,7530,7893"
c51133,"6312"
c27173,"3212,4182,5638"
c22009,"6923"
c47155,"6517"
c47157,"4764,5002,5045,7313"
c47151,"4265,4576,4630"
c47153,"4924,5005,5058,6937"
c47159,"6846"
c51001,"1908"
c51003,"619"
c51005,"3939"
c51007,"6189"
c51009,"3939"
c29195,"4522,6424"
c51735,"122,2028,5957"
c51730,"5546"
c29197,"6889"
c55027,"269,1091"
c37185,"4291,6240"
c55025,"1306"
c37187,"3796"
c55023,"5903"
c37181,"4291"
c55021,"7915"
c37183,"435,2059,3229,3459,4816,4828,5160,5190,5511,5518,5607,6215,6500,6908,7463,7671,7890"
c37189,"6639"
c55029,"4970,5702,6079,6088,6113,6637"
c47021,"4306,4740,5186,7525"
c47023,"5002"
c47025,"4576"
c47027,"6846"
c47029,"6928"
c36107,"2053"
c36105,"4285"
c36103,"28,263,271,287,329,358,496,514,527,533,564,601,810,870,871,1751,2161,2347,2487,2875,3137,3171,3624,4006,4458,5016,5099,5659,5736,6422,6423,6746,7400"
c18109,"5944"
c35037,"4799,7573"
c18107,"868,1018,3176,7617"
c18105,"3494,5403"
c18103,"2909,3940"
c36109,"639,5254"
c45089,"6167,6222,6626"
c51820,"3361"
c45081,"1293"
c45083,"6961"
c45085,"5777"
c45087,"6961"
c55113,"6732"
c55111,"171"
c55117,"3418,5586,6381"
c55115,"93,1716,6318"
c55119,"6732"
c05049,"7483"
c13251,"3998"
c13257,"343"
c13255,"6750"
c05041,"7263,7878"
c05043,"7655"
c05045,"6640,7123,7804"
c05047,"7106"
c48363,"4364"
c48361,"7440"
c48367,"704,3355,3676,4192,4206,6133,6655,7121,7303,7506,7534,7535"
c48365,"3037"
c56033,"1303"
c48369,"4799,7573"
c17003,"4356,7255"
c17001,"7141"
c17007,"3352"
c02122,"568"
c17005,"7496"
c54065,"2988"
c54067,"3492"
c53077,"2926,3876,7696"
c53075,"4061,4104,5920"
c53073,"2605,4205"
c48011,"4694"
c54089,"401"
c54087,"3492"
c54063,"5724"
c54083,"3274"
c54081,"337"
c49013,"6844"
c48067,"6586"
c45009,"342,3489,4083"
c05131,"5437"
c05133,"3152"
c05135,"7483"
c05137,"3937,6492,7766"
c05139,"7899"
c42055,"4050"
c06077,"1662,3669"
c42053,"3954,3957"
c42051,"2656,4150"
c02230,"568"
c47139,"7406"
c13079,"4941"
c13073,"5632,7076,7676"
c13071,"7499"
c13077,"3344"
c13075,"7499"
c09001,"230,1099,3634,4572,6346,7462"
c48109,"2613"
c09005,"237,716,1099,2712,2785,2836,3461,3525,4055,6811"
c09007,"1699,3654,4557,5746"
c09009,"155,195,228,558,999,1071,2064,2067,3525,5142,5856,7407,7869"
c48101,"3366"
c31045,"5657"
c48105,"4063"
c06023,"5198"
c06021,"4643"
c06027,"6657,7057"
c54109,"337"
c06025,"1972,3491,6515"
c29125,"6817"
c31043,"5906"
c06029,"399,585,5869,6060,7778"
c29121,"4809"
c29123,"5060"
c35043,"4153,7540"
c48425,"7125"
c35041,"7573"
c35047,"7540,7649"
c31041,"6359"
c35045,"4153,7540"
c39073,"4085"
c35049,"7540,7649"
c48427,"2966,3028,3029,4332,5894,5960,6180,6664,6733,6754,6830"
c13107,"3998"
c13105,"4965"
c13103,"3998"
c13101,"3556"
c48421,"4694"
c13109,"3998"
c48423,"3037"
c22007,"5997,6103"
c22005,"3337,3606,3753,3991,4978,5785,6489,7331"
c22003,"3616,4336"
c26019,"4398,5562"
c17179,"2481,4143,5442"
c17177,"81"
c26015,"4381,4408,5161,5248,5256,6090,7187,7203,7811"
c17175,"1736,1756,2040,2081,7417"
c26017,"5166,5216,5224,5424,5504,5509,5603,6020,6071,6073,6193,6631"
c17173,"4156,4314"
c26011,"5224,5504,5661,6545,6611"
c17171,"4232"
c26013,"6557,6558"
c39111,"7515"
c39113,"3138,5811,6032,7434"
c39115,"7515"
c39117,"3010"
c39119,"3010,4085,4283,5667,6027,6834"
c06115,"4643"
c06113,"1678,5458,6174"
c06111,"1138,3863,3925,4414,4711,6398,6553,6764,6934,7323,7324,7326,7327,7415,7887"
c56001,"159,1977,4388,4499"
c56003,"1303"
c56005,"5657"
c56007,"1303"
c31047,"6359"
c56009,"5657"
c12071,"6743,7193"
c12073,"6145,6184"
c12075,"4118,5145"
c12077,"6145"
c12079,"6145,6184"
c17009,"4156,4314"
c26161,"66,548,830,1076,1502,3322,3641,3656,3668,5066,5067,5523,5530,5567,5708,5853,6081,6101,6538,6583,6591,6615,7147,7175,7501,7660"
c26163,"123,280,313,548,815,862,1189,1250,1701,2048,2224,2591,2620,2673,2676,2832,3096,3175,3604,3619,3632,4380,4390,4405,4680,4758,4768,4838,4840,4851,4854,5050,5065,5090,5197,5214,5217,5239,5263,5467,5478,5498,5531,5532,5577,5619,5695,5756,5901,5915,6013,6029,6057,6089,6096,6099,6116,6152,6190,6528,6532,6583,6615,6616,6618,6742,6861,6862,6914,6954,7143,7145,7168,7174,7191,7196,7232,7692,7716,7788,7789,7807,7820,7856,7859,7865"
c26165,"5086,6066,7155,7855"
c21179,"5492,6858,7516"
c21173,"7693"
c21171,"4306,4740,5186,7525"
c21177,"7484"
c21175,"7693"
c40111,"3163"
c51109,"540,1086,2106"
c27169,"2977,3090,5339,7596"
c40115,"3160"
c40117,"1750"
c18021,"5188"
c40119,"1750"
c51101,"4286"
c27161,"7541"
c51103,"6312"
c27167,"3278,3293,3297,3839,4539,4703"
c32013,"5480"
c27165,"3122"
c51107,"612,2186,5338"
c38089,"4593"
c38085,"7578"
c38087,"4593"
c38081,"4818,7048"
c38083,"7578"
c47143,"4265,4462"
c47141,"6846"
c47147,"4306,4740,5186,7525"
c47145,"4265,4462"
c47149,"6846"
c13263,"4188"
c50019,"2523"
c21005,"2856"
c21003,"4306,4740,5186,7525"
c18029,"3814"
c51035,"3072"
c51036,"1080"
c51037,"977"
c51031,"5279"
c21009,"4306,4740,5186,7525"
c51740,"3359"
c37193,"6639"
c55053,"7021"
c37191,"3737"
c55051,"6345,7638"
c37197,"5679"
c55057,"5903"
c37195,"2682"
c55055,"269,6574"
c37199,"5854"
c55059,"930,6421,6643,6807,7900"
c37005,"3072"
c48213,"3310,7708"
c48359,"4694"
c48211,"4694"
c47039,"4306"
c47037,"4306,4740,5186,7525"
c47035,"4265,4462"
c47033,"5002"
c47031,"547"
c48217,"2950,7511"
c18179,"1501"
c13035,"6750"
c45091,"1539"
c18173,"6498"
c48215,"2966,3028,3029,4332,5894,5960,6180,6664,6733,6754,6830"
c40113,"1209"
c18175,"4926"
c33013,"131,501,1247,1512,1517,1721,1922,5813,6690,7314"
c51690,"1262,3258"
c36023,"639,5254"
c48357,"4694"
c36025,"4203"
c27163,"2175,2207,2501,2508,2532,3007,3130,3206,3454,3883,3926,4506,5290,6912"
c38065,"7578"
c38063,"877"
c38061,"877"
c33015,"131,238,1058,3467,5902,6324,6763,7126"
c38069,"877"
c13241,"6899,6932"
c13033,"6715"
c13243,"5848"
c18005,"4926"
c13245,"1102,5734,6715,6716,7076,7883"
c18003,"4982"
c13247,"1795,4026,4080,5074,5332,5651,6340,6705"
c01029,"3139"
c13249,"4730,5828,5840,6471,6919,7315"
c01027,"3139"
c01025,"7512"
c01023,"590"
c01021,"3139"
c48371,"7750"
c48373,"7440"
c48375,"4694"
c48377,"7750"
c36009,"7251"
c48379,"148,7708"
c36007,"2053"
c36005,"395,743,1155,1230,2265,3004,3760,4773,5123,5806"
c36003,"6892"
c36001,"20,250,1493,2791,5881,5964,7031,7651"
c40059,"6809"
c31133,"5968"
c54003,"2988"
c01113,"4188"
c01111,"3581"
c01117,"3139"
c01115,"538"
c01119,"590"
c02130,"3238"
c53069,"3812"
c53065,"4980,6076"
c53067,"4450,6959"
c53061,"1778,2522,2903,2910,2930,3268,3663,4089,4309,4512,4681,4683,7627"
c53063,"1595,2147,2148,2944,3220,3693,4104,4513,6129"
c41067,"1425,1510,1540,2374,2898,2915,3192,4127,4488,4662,5970,6443"
c41065,"6831"
c54099,"3821"
c41063,"3712"
c41061,"3712"
c54095,"7515"
c31131,"7785"
c54097,"2614"
c54091,"2614"
c54093,"1629"
c41069,"753"
c05057,"6186"
c05055,"7896"
c55095,"2532,3038,5290,5464"
c05053,"7878"
c05051,"6855"
c05059,"6855"
c55093,"2861,3691,3751,3848,5299,6217,7273"
c42049,"63,156,291,2544"
c05129,"16,323"
c05127,"5437"
c05125,"6131,6640,7767,7804"
c55091,"7021"
c05123,"7568,7868"
c05121,"7483"
c20189,"4694"
c20185,"935"
c20187,"4694"
c06043,"1323,1422"
c02220,"568"
c20183,"6359"
c13069,"7499"
c13061,"5848"
c13063,"3344,5219,6925"
c13065,"3556"
c13067,"832,1002,1311,2974,4193,4459,4516,4910,5608,6341,7449"
c01131,"590"
c48119,"148,7708"
c48111,"4694"
c09015,"6333,7760"
c55099,"6732"
c09013,"173,177,1699,2170,3555,7153"
c09011,"236,1699,1740,2168,3719"
c29119,"3612,5454,5568,7260"
c29111,"7141"
c29113,"1094,1288,1706,3330,4329,7435"
c29115,"4809"
c29117,"4809"
c06001,"2204,2489,4186,5419,5499,6059,6619,6718,7245,7419"
c54047,"6802"
c39001,"7693"
c13115,"4195"
c13117,"1261,1683,1746,1771,3815,4112,6325,6829,6905,6944,7451"
c13111,"6712"
c13113,"3344"
c21007,"7255"
c39007,"5973"
c13119,"4189,5132,6910"
c31127,"7785"
c29209,"5730"
c29205,"4809"
c29207,"4356,7255"
c29201,"4356,7255"
c29203,"6817"
c54031,"3274"
c22073,"3468,7834,7874,7914"
c26009,"4376,4377,4983,5110,5247,5560,6087,7208,7861"
c22071,"4087,5168,7275,7288,7316,7648,7661"
c22077,"6923"
c22075,"5965,5971,7275,7288,7412,7661"
c26003,"6112"
c17103,"6651"
c26001,"5525,7172,7250"
c17101,"7454"
c26007,"5230,5505,6077,7084"
c17107,"2481,4143,5442"
c26005,"74,85,107,2054,3458,4855,5152,5161,5173,5194,5610,5927,6043,6090,6114,6589"
c17105,"7848"
c39129,"128,677,1014,1317,3324,3591,4085,4145,4269,5667,6916,6927,6964"
c39125,"4982"
c39127,"4085"
c39121,"7515"
c39123,"2252,7165"
c30029,"3216"
c56019,"1303"
c56017,"1303"
c56015,"5657"
c56013,"3288"
c56011,"4593"
c31129,"6359"
c20167,"3172"
c20165,"3172"
c12049,"3627"
c20161,"5968"
c12045,"6145"
c12047,"3556"
c12041,"4118,5145"
c20169,"3172"
c22109,"2183,3039"
c22107,"7836"
c22105,"2080"
c22103,"1912,2078,2221,2992,3946"
c22101,"5997,6103"
c20087,"1802,7064"
c21169,"5492,6858,7516"
c20129,"4694"
c31059,"6359"
c21161,"7693"
c21163,"5492,6858,7516"
c21165,"7693"
c21167,"2856"
c06097,"2551,5728,6814,6883,6918"
c30085,"877"
c30087,"6400"
c30081,"3216"
c30083,"4593"
c40125,"2341,3247,6900,7473"
c40127,"3152"
c30089,"7301"
c40123,"2352"
c38099,"876"
c29155,"7896"
c38093,"7578"
c38091,"876"
c38097,"876"
c38095,"877"
c41045,"2594"
c20121,"1108"
c19189,"2957,4260,7541"
c19185,"6419"
c19187,"3928"
c19181,"6419"
c19183,"167,5041"
c21015,"3814"
c51029,"6194"
c21011,"7693"
c21013,"3844"
c48327,"6935"
c51023,"3939"
c51580,"3939"
c31139,"5906"
c29153,"16,323"
c21019,"7693"
c51025,"5954"
c51750,"401"
c19165,"5906"
c19163,"648,6317"
c19161,"7309"
c19169,"3928"
c55041,"7768,7827"
c08069,"159,1977,4388,4499"
c55043,"171"
c51590,"1598"
c55045,"81"
c55047,"7915"
c37169,"5679"
c55049,"171"
c37167,"3661"
c37165,"7029"
c39015,"554"
c37163,"7443"
c37161,"5727"
c48289,"4295"
c51620,"1610"
c51117,"1413"
c51115,"2363"
c47049,"4265,4462"
c51113,"4466"
c51111,"5954"
c47043,"7484"
c47041,"6846"
c47047,"5002"
c51119,"6312"
c47045,"7896"
c18169,"1501"
c18161,"3266"
c18163,"7454,7657"
c18165,"5188"
c18167,"5188"
c48281,"647"
c19151,"7309"
c51685,"1895,2068"
c51683,"1895"
c51680,"5279"
c38075,"877"
c38077,"4818,7048"
c38071,"877"
c38073,"4818,7048"
c39173,"6181"
c38079,"877"
c18015,"292,1646,7198"
c32003,"987,988,3009,5049,5429,6519,6824,6825,6957,7077,7183,7422,7423,7424,7425,7426,7654,7880"
c18017,"3940,5402"
c32001,"5875"
c18011,"868,1018,3176,7617"
c13279,"3998"
c18013,"3180,3494,4926"
c32005,"5875,7802"
c01035,"2556,5616"
c13275,"4240"
c01037,"3139"
c13277,"7499"
c01031,"2556,5722"
c13271,"6139"
c01033,"34,7111,7446"
c13273,"5840,6919"
c37017,"6729,7029"
c37015,"3796"
c36019,"6300,7030"
c37013,"2642"
c37011,"3984"
c36015,"3799"
c48345,"1817,4717,4734,5866,5888,6993"
c36017,"145"
c48347,"2582,4295"
c36011,"5254,6490"
c48341,"4694"
c36013,"7251"
c37019,"6512"
c47137,"3844"
c01101,"7072"
c01103,"538,3959"
c47135,"4306"
c01105,"590"
c01107,"590"
c01109,"5848"
c35011,"7271"
c47133,"4265,4462"
c21205,"7693"
c02105,"568"
c47131,"7255"
c02100,"568"
c46111,"3298"
c53059,"2471,2811,3674,6343"
c21207,"3844"
c53051,"4980,6076"
c53053,"360,2557,2906,2907,2927,2929,3218,3237,3393,6350"
c53055,"3238"
c53057,"3238,4173,4205"
c41071,"4043"
c56021,"5657"
c05023,"3937,6492,7766"
c05021,"7896"
c05027,"7899"
c05025,"7878"
c31125,"6359"
c05029,"6640,7123,7804"
c46119,"4593"
c48295,"4694"
c42079,"222,1143"
c42071,"2539"
c42073,"3062,3954,4049,5740"
c42075,"2539"
c42077,"834"
c13055,"4195"
c20199,"4386"
c13057,"832,1746,3815,4516,5608,6341,6944,7449,7451"
c13051,"4701,7104,7824"
c13053,"4188"
c20193,"4386"
c20191,"935"
c20197,"5968"
c13059,"5132"
c20195,"3172"
c13297,"5132,6910"
c13295,"5900,6887"
c48121,"3802,4192,5212,5411,6901,7303,7503"
c13291,"6899"
c48129,"4694"
c13299,"3329"
c48133,"4364"
c18171,"461,1747"
c02070,"568"
c48131,"6315,7521"
c18177,"3266"
c13281,"6899"
c13121,"832,1261,1414,1648,1683,1771,1795,2415,3091,4468,4516,4749,5109,5219,5482,5651,6023,6177,6325,6340,6705,6829,6905,6925,7427,7514"
c13123,"6712"
c13125,"7676"
c13127,"3329"
c13129,"5900"
c31121,"6359"
c29219,"1094,1288,1706,3330,4329,7435"
c29213,"16,323"
c29211,"4809"
c29217,"6542"
c29215,"6817"
c17119,"1208,4232,4246,4931"
c22063,"2080"
c22065,"456"
c22067,"7655,7910"
c22069,"7562"
c17113,"4213"
c17115,"4156,4314"
c17117,"4232"
c39139,"5413"
c25009,"1289,1474,1761,2084,4311,4929,5459,5556,5563,5752,7822"
c39133,"7486"
c25003,"6723"
c39131,"4085"
c25001,"23"
c39137,"3777"
c25007,"78,121"
c39135,"3266"
c25005,"88,4176,5846,6301"
c46019,"4593"
c46017,"3298"
c46015,"3298"
c31123,"5657"
c46011,"3298,4182"
c20175,"4694"
c29105,"3284,7662"
c54049,"2614"
c20171,"4386"
c29101,"4455,6424"
c12053,"4622,5842,6722"
c12051,"7519"
c54085,"7515"
c12057,"1369,2425,3164,5276,5283"
c29109,"5730"
c26103,"3617,4375,4827,7782,7816,7826"
c26101,"6097,6122,7855"
c26107,"5162,5448,6100,6102,6550,6963"
c26105,"6005,6128,6561,7160,7602"
c26109,"4970,5702,6079,6088,6113,6637"
c22119,"7899"
c48033,"3366"
c22115,"7562"
c08119,"2083,3729,4293,4418"
c22117,"2080"
c22111,"3468,7834,7874,7914"
c22113,"3616,4336"
c21155,"2856"
c21157,"6157"
c21151,"2856"
c21153,"7693"
c21159,"3821"
c48037,"6586"
c46129,"7578"
c46123,"4593"
c54045,"337"
c46127,"3298"
c46125,"3298"
c30093,"6400"
c30091,"877"
c30097,"6400"
c30095,"6400"
c40133,"2341,6464,6900"
c40131,"4523,7744"
c40137,"3931,5930"
c40135,"7106"
c38067,"876"
c19193,"7309"
c19191,"7646"
c19197,"525,7411"
c19195,"2957,3055,3633,6022"
c21021,"2856"
c21023,"554"
c21025,"7693"
c21027,"3559"
c21029,"5492,6858,7516"
c19175,"6419"
c19177,"6889"
c19171,"6630"
c19173,"7785"
c51760,"422,539,1080,2998,6334"
c37179,"3661"
c55079,"1675,1714,1732,1792,2506,2830,3596,4247,4786,6670,6823"
c37175,"1225"
c55075,"6624"
c37177,"7715"
c55077,"7915"
c37171,"5679"
c55071,"3381,4531,5586,7103,7619"
c37173,"6517"
c55073,"93,1716,6318"
c49041,"3289,3405,5071,6844"
c31017,"6359"
c47059,"6302,6928"
c51163,"3939"
c51161,"5724"
c51167,"6802"
c51165,"3274"
c47051,"547"
c47053,"3843,6157"
c51169,"4020,5022,6219"
c47055,"547"
c47057,"4576"
c18007,"461,1747"
c08039,"7479"
c08037,"1157,1245,1584,1619,2036,2261,2972,7891"
c08035,"2083,3729,4293,4418"
c08033,"1332,4944"
c08031,"1339,1410,1799,2240,2259,3648,3807,4550,7243,7737"
c38041,"4593"
c38043,"7578"
c38045,"7578"
c38047,"7578"
c38049,"877"
c32011,"5875"
c01009,"538"
c13269,"3635"
c18023,"292"
c32015,"5875"
c18025,"3559"
c32017,"987,988,3009,5049,5429,6519,6824,6825,6957,7077,7183,7422,7423,7424,7425,7426,7654,7880"
c18027,"4008"
c32019,"5875,7802"
c01001,"3139"
c13261,"4730,5828,5840,6471,6919,7315"
c01003,"4179"
c13267,"3998"
c01005,"5848"
c13265,"7676"
c01007,"3139"
c51199,"2363"
c36029,"4930,5590,6870"
c37007,"3661"
c33019,"6762"
c37001,"3822"
c37003,"6639"
c48353,"3366"
c36021,"1665,6621"
c48351,"2582,4295"
c33011,"131,138,151,166,238,501,509,811,1073,1519,1729,2342,3323,4034,6762,6763"
c37009,"6639"
c33017,"319,1307,4546,7126,7133,7674"
c48355,"3035"
c36027,"5943"
c18155,"3814"
c18157,"461,1646,1747,4272"
c18151,"5501,5685,6053,6092,6425,7209"
c18153,"5188"
c18159,"45,292"
c01133,"538,3959"
c53047,"7776,7803"
c19085,"5906"
c53045,"5295"
c53043,"1595,2147,2148,2944,3220,3693,4104,4513,6129"
c53041,"4060,6959"
c02110,"568"
c19087,"6420"
c13253,"6919"
c30053,"2130"
c19081,"2957,4260,7541"
c54071,"3274"
c29069,"7896"
c37127,"4291,5762,6240"
c41041,"847,955,957,997,7448"
c54105,"7515"
c41043,"957,1359"
c19083,"525,6164,7411"
c41047,"2990,6445"
c41049,"4125"
c37125,"5544"
c05031,"7896"
c05033,"7106"
c05035,"7430,7467"
c05037,"7568,7868"
c05039,"6855"
c48283,"6315,7521"
c48285,"5503"
c48287,"2789,4610,5503"
c05149,"5437"
c19121,"6419"
c05141,"3937,6492,7766"
c19089,"7646"
c05143,"3612,5006"
c48273,"3035"
c05145,"3937,6492,7075,7123"
c05147,"3937,6492,7075,7123"
c13043,"3998"
c13047,"5900,6887"
c13045,"4193,4459"
c54077,"1629"
c13049,"3329"
c13285,"3581"
c13287,"4240,7470"
c48137,"4063"
c48135,"4301"
c48139,"2805,4641"
c13289,"4941"
c48271,"4063"
c02060,"568"
c02068,"568"
c48275,"3366"
c54075,"3939"
c48277,"148,7708"
c13139,"4509,6910,7060"
c13137,"4509,6910,7060"
c13135,"1261,1683,1771,4080,4509,5074,5132,5293,6829,6910,7538"
c13133,"5132"
c01059,"34,7111,7446"
c13131,"4240"
c42067,"2539,2559"
c17047,"7454"
c42065,"3954,3957"
c42063,"4547"
c42061,"4027"
c29007,"3792,5147"
c17045,"5188"
c42069,"1143"
c29005,"7785"
c22059,"7562"
c29009,"5730"
c22055,"3616,4336"
c22057,"5965,5971,7275,7288,7412,7661"
c22051,"5965,5971,7275,7288,7412,7661"
c22053,"3616,4336"
c25019,"23"
c17041,"4096"
c25011,"4097"
c25013,"839,1027,7127"
c29001,"4809"
c25015,"4097"
c18079,"4926"
c25017,"97,157,1100,1277,1474,2262,2423,2713,2876,2877,3205,4169,4761,4905,4909,5422,5735,5962,6201,6328,6731,7438"
c39021,"1014,3484"
c46009,"3298"
c46005,"3298,4182"
c46007,"4593"
c46003,"3298"
c37121,"3984"
c20141,"3172"
c20143,"3172"
c29177,"2457"
c20147,"6359"
c20149,"5968"
c29179,"6817"
c26111,"2619,3770,4819,5166,5203,5231,5257,5424,5509,5712,5982,6033,6533,6753,7495"
c26113,"5086,6066,6642,7155,7794"
c26115,"240,1023,1528,3542,3547,3604,4395,5050,5567,6570,6615,6618"
c39027,"1038,4028"
c26117,"5622,6100,6102,6582,7210,7911"
c26119,"2246,7084,7244"
c12081,"3627"
c12083,"3242,4064,4562,6850"
c12085,"180"
c12086,"59,3410,5329,5557,7216,7652"
c12087,"1744"
c22121,"5863,6103"
c22123,"7655,7910"
c22125,"6923"
c22127,"7562"
c21143,"6157"
c39095,"279,451,7460"
c21141,"7484"
c39097,"128,677,1014,1317,3324,3591,4085,4145,4269,5667,6916,6927,6964"
c21147,"3844"
c39091,"1014,3484"
c21145,"3843,6157"
c39093,"1590,2603,2632,4119,7885"
c21149,"7454,7657"
c39099,"3193,4601,5418"
c17125,"2481,4143,5442"
c17127,"6157"
c17121,"4187"
c17123,"4143,5442"
c46135,"3298"
c17129,"4156,4314"
c46137,"4593"
c30069,"6400"
c30067,"6400"
c30065,"6400"
c30063,"3216"
c54103,"2614"
c30061,"7301"
c22061,"7899"
c35009,"4799,7573"
c35007,"7540,7649"
c21039,"7255"
c21037,"554"
c21035,"3843,6157"
c21033,"6157"
c21031,"7484"
c19141,"5576"
c19143,"3871"
c19145,"7785"
c19147,"7309"
c27085,"2509,3755,4665,5626"
c51770,"5724"
c27081,"3298,4182"
c51775,"5724"
c27083,"2515,4182"
c37149,"5727"
c55069,"6732"
c40097,"3179,4523"
c40091,"3163"
c40093,"6809"
c55063,"4011,4021,4054,5003,5019,5903,6166"
c37141,"6214,7265,7270"
c55061,"3381,4531,5586,7103,7619"
c37143,"7715"
c55067,"6624"
c37145,"7671"
c55065,"171"
c37147,"2642,2682,7739"
c47065,"4924,5005,5058,6937"
c47067,"6302"
c47061,"4924,5005,5058,6937"
c29173,"3792,5147"
c29079,"4809"
c51171,"3274"
c51173,"6802"
c29171,"6889"
c51175,"1610"
c51177,"339,6882"
c51179,"339,6882"
c20145,"3172"
c30111,"6400"
c29175,"4809"
c29073,"6817"
c10005,"3389"
c10003,"365,1370"
c10001,"5420"
c08029,"1332,4944"
c08025,"662,2945,2996,4068"
c08027,"662,2945,2996,4068"
c48475,"4301"
c08021,"4153"
c08023,"4153"
c38059,"7578"
c23031,"133,172,3451,3597"
c38057,"7578"
c11001,"1446,1915,2900,2912,2914,2961,4242,4456,4821,7714"
c38055,"877"
c38053,"877"
c38051,"7578"
c36037,"340"
c36035,"7031"
c36033,"229"
c32029,"7802"
c36031,"6300,7030"
c18037,"3559"
c04023,"6922"
c32027,"5875"
c04025,"498,698,842,991,1165,1212,1290,1492,1633,2375,2403,2449,2478,2647,2662,2840,2844,3019,3133,3187,3577,3853,3944,4111,4146,4496,4565,5465,6352,6372,6413,6479,6530,6674,6833,6871,7017,7547,7620,7703"
c32021,"5875,7802"
c04027,"3889"
c32023,"987,988,3009,5049,5429,6519,6824,6825,6957,7077,7183,7422,7423,7424,7425,7426,7654,7880"
c33009,"7212,7416,7907,7913"
c37031,"3336"
c37033,"1598"
c37035,"6639"
c37037,"2059,3229,3822,4829,5190,5511,7463"
c33001,"319,1831"
c37039,"6899"
c33003,"4925,6691"
c33005,"213,1729,1786,4958,6895"
c33007,"7416,7907"
c27067,"3276,4238,4239,6628,6707,7858"
c27065,"4166,5720,5999"
c27063,"3871"
c27061,"2499,3036,4181,4217,5143,5253,7864"
c27069,"3277,5658"
c18143,"4926"
c01129,"2190"
c18147,"6498"
c18145,"1741,3180,6451"
c01123,"7072"
c01121,"3139"
c01127,"538,3959"
c01125,"538,3959"
c53033,"488,492,948,949,1258,1294,1318,1899,1983,2046,2097,2412,2907,2928,2976,3070,3219,3268,3574,3588,3663,3681,3684,3786,4089,4131,4180,4461,4469,4579,4682,4911,5588,5683,5803,5827,5937,6350,6503,7118,7461"
c53031,"3826,4918"
c53037,"2926,3876,7696"
c53035,"3049,3223,4915"
c24045,"3389"
c24047,"3389"
c53039,"3711,3876"
c24041,"4514"
c24043,"4050"
c36049,"5030"
c51187,"2988"
c45027,"5777"
c45025,"3661"
c45023,"1539"
c41059,"4125,6442"
c45021,"6961"
c41057,"4043"
c41055,"3711,3876"
c41053,"847"
c41051,"1432,1510,1540,1571,2374,2411,2635,2733,2915,3636,4488,4662,5975,5977,6443,6696"
c45029,"342,3489,4083"
c01017,"7072"
c01015,"3139"
c01013,"2556,5616"
c05009,"16,323"
c01011,"7072"
c55031,"5690,6044,6047,6160,7041,7797"
c05005,"16,323"
c05007,"3612,5454,5568,7260"
c05001,"5729"
c01019,"7428"
c05003,"7655,7910"
c02270,"568"
c02275,"3238"
c28163,"7474"
c28161,"6068"
c12089,"86,5753,6322,7774"
c55037,"7768,7827"
c28017,"590"
c48381,"4694"
c48383,"4301"
c48385,"6935"
c48439,"704,3355,3676,4192,4206,6133,6655,7121,7303,7506,7534,7535"
c48389,"2613"
c48435,"4063"
c42047,"3954,3957"
c48431,"3366"
c42129,"2656,4150"
c42127,"4285"
c42125,"4467,4991,7670"
c42123,"3954"
c02090,"568"
c42121,"3954"
c12031,"86,5753,6322,7774"
c42043,"2539,2559"
c48241,"7440"
c28015,"6068"
c32510,"7802"
c13149,"3581"
c32007,"6358"
c13143,"4193,4459"
c13141,"7676"
c13147,"4965"
c13145,"4188"
c42013,"4547"
c42011,"834"
c42017,"103,708,2607,5401,6808"
c42015,"3799"
c20023,"4386"
c42019,"3062,3954,4049,5740"
c18059,"829,3947"
c22049,"7562"
c25027,"61,126,190,467,663,1100,1735,1768,3566,3623,4048,4987,5491,6328,7266"
c29019,"3792"
c25021,"69,246,1153,1757,1965,2079,3236,4151,4176,4796,5000,5494"
c25023,"23,88,348,4908,5000"
c29015,"6886"
c22041,"3468,7834,7874,7914"
c22047,"5997,6103"
c22045,"3616,4336"
c28019,"590"
c56045,"5657"
c48243,"2613"
c56041,"2993"
c56043,"1303"
c46039,"3300,5638,6146"
c46031,"4593"
c46033,"4593"
c46035,"3298"
c20181,"4386"
c29161,"6817"
c18051,"7454"
c29163,"1094,1288,1706,3330,4329,7435"
c21229,"2856"
c29165,"1806,5013,5082,5126"
c20159,"3172"
c20157,"3172"
c20155,"935"
c20153,"4386"
c20151,"935"
c16085,"2594"
c16087,"3712"
c26129,"5547,5661,7150,7213,7751"
c16083,"6358"
c26125,"1,27,33,51,67,68,94,201,226,245,247,302,308,469,503,573,835,910,1025,1188,1322,1481,2137,2337,2612,2834,2960,3098,3302,3414,3538,3641,4384,4737,4811,4854,5053,5114,5436,5662,5907,6019,6117,6566,7178,7211,7218,7224,7225,7553,7598,7692,7769,7783"
c54055,"6802"
c26127,"1918,4337,6094,6128"
c26121,"1918,2405,3572,4004,4337,4956,5470,6094,6428,7689,7810"
c26123,"1918,3603,4337,5162,5448,6100"
c42097,"2539,2559"
c12099,"179,1523,3932,5472,5949,6685,6686,7107,7152,7408,7409,7487,7488,7489,7490,7519,7833"
c12097,"1065,7450"
c12095,"945,1649,1902,4013,4024,5816,6473,7728"
c12093,"7442"
c12091,"2556,5616"
c39083,"3010"
c46105,"4593"
c39081,"4467,4991,7670"
c21221,"3843,6157"
c39087,"3492"
c31099,"6359"
c39085,"120,695,1248,1308,1787,2172,2399,4780,5973,6355,7043,7055"
c46103,"4593"
c31095,"6359"
c39089,"3010,4085,4283,5667,6027,6834"
c31097,"7785"
c31091,"5657"
c31093,"6359"
c17133,"1208,4246,7452,7496"
c17131,"4212"
c17137,"4156,4314"
c17135,"4232"
c17139,"4096"
c31077,"6359"
c31075,"5657"
c30079,"4593"
c31073,"6359"
c31071,"6359"
c30075,"4593"
c30077,"3216"
c30071,"6400"
c30073,"3216"
c31079,"6359"
c47187,"4306"
c47185,"4265,4462"
c47183,"3843,6157"
c54027,"2988"
c47181,"34,7111,7446"
c47189,"6846"
c31165,"5657"
c48051,"5503"
c21049,"2856"
c51071,"401"
c21043,"7693"
c21041,"2783"
c21047,"7484"
c21045,"3844"
c37157,"2640"
c37155,"6729,7029"
c37153,"7029"
c37151,"3822"
c19157,"5935"
c27091,"2847,4260"
c28125,"6068"
c19153,"4646,6379,6419,7142"
c27095,"5999"
c40083,"1561,2359,2395,2461,2723,2773,2986,5550,5578,5621,5930,6730"
c40081,"1750"
c51099,"3650"
c40087,"5930"
c40085,"6768"
c48507,"3561"
c51540,"619"
c51093,"1610"
c40089,"3152"
c51091,"3361"
c48113,"704,1745,2714,2848,3005,3282,3370,3802,4641,5057,5242,5682,6526,6672,6751,7091,7119,7120,7179,7319,7321,7704,7749"
c51095,"7330"
c47073,"6302"
c47071,"5002"
c48505,"6315,7521"
c47077,"5002"
c47075,"5002"
c48115,"1817,4717,4734,5866,5888,6993"
c47079,"3843,6157"
c48503,"7303"
c51149,"5546"
c51145,"6334,7429"
c51147,"6189"
c51141,"1262,3258"
c51143,"977,1598,5950"
c30105,"6400"
c30107,"6400"
c30101,"3216"
c30103,"6400"
c30109,"4593"
c54043,"337"
c08019,"1799,2083"
c08011,"662,2945,2996,4068"
c08013,"1157,1245,1584,1619,2036,2261,2972,7891"
c08014,"1245,5763"
c08015,"1799,2083"
c08017,"4386"
c38029,"7578"
c35039,"4153"
c38021,"7578"
c38027,"877"
c38025,"7578"
c36043,"5030"
c18049,"2909"
c36047,"333,334,335,354,806,1600,4299,4383,6195,6590,6648,7036"
c36045,"7027"
c32033,"4348"
c18043,"5492,6858,7516"
c32031,"5480"
c18041,"3947"
c18047,"3947"
c18045,"461,1747"
c37029,"7715"
c37027,"6639"
c37025,"3196,7815"
c37023,"6639,6888"
c37021,"5854"
c27075,"3267,4656"
c27077,"2654,2883,3750,5172"
c27071,"5998"
c27073,"3300,5638,6146"
c27079,"3018,4663,5275"
c53021,"7696"
c53023,"4061,4104,5920"
c53025,"7696"
c53027,"5295"
c53029,"2980"
c13223,"4193,4459"
c45035,"342,3489,4083"
c45037,"5632,7076,7676"
c41029,"3024,5198,7204"
c45031,"1758,6167,6222"
c45033,"1051"
c31015,"3298"
c41023,"3712"
c41021,"4125"
c45039,"5317,5327"
c41027,"6831"
c41025,"753"
c04015,"60"
c05019,"6855"
c04017,"7897"
c01067,"5848"
c04012,"3889"
c04013,"498,698,842,991,1165,1212,1290,1492,1633,2375,2403,2449,2478,2647,2662,2840,2844,3019,3133,3187,3577,3853,3944,4111,4146,4496,4565,5465,6352,6372,6413,6479,6530,6674,6833,6871,7017,7547,7620,7703"
c05013,"6855"
c05011,"7655"
c01069,"5848"
c05017,"7842"
c04019,"1011,1828,4183,5539,7214"
c05015,"7260"
c31011,"6359"
c02261,"568"
c20113,"935"
c31013,"5657"
c20111,"5968"
c13229,"3329"
c48429,"4364"
c48399,"3366"
c29169,"6817"
c48397,"1296,3310,7708"
c48395,"2950,7511"
c48393,"4694"
c20119,"4694"
c48391,"3834"
c42131,"222"
c51670,"5546"
c42133,"225"
c36039,"20,250,1493,2791,5881,5964,7031,7651"
c27089,"3277,5658"
c13159,"4941"
c20019,"2165,7744"
c13151,"6750"
c20017,"935"
c13153,"3635"
c20015,"935"
c13155,"7499"
c20013,"5968"
c13157,"4189,5132,6910"
c20011,"6542"
c42001,"2199"
c42003,"117,1708,1743,2051,2641,2656,3062,3260,3504,4467,4991,7274"
c42005,"3957"
c42007,"117,1708,1743,2051,2641,2656,3062,3260,3504,4467,4991,7274"
c19149,"7309"
c42009,"4547"
c28005,"6489"
c29029,"3284,7662"
c28007,"590"
c27087,"3278,4539,4703,5929"
c28001,"7836"
c28003,"5002"
c29021,"1806,5013,5082,5126"
c29023,"4356,7255"
c28009,"5002"
c29025,"2457"
c29027,"3792,5147"
c46027,"3298"
c46025,"3300"
c46023,"3298"
c46021,"7578"
c46029,"3300"
c40095,"2352"
c45007,"4965"
c06093,"3024,5198,7204"
c06091,"3257,6644"
c29159,"4522,6424"
c06095,"701,1678,2085,5496,6174,6474,6918"
c20123,"3172"
c06099,"4135,6619"
c20127,"5968"
c20125,"2165"
c26139,"74,85,107,141,216,244,288,2405,2771,3458,3546,4003,5470,5927,6065,6428"
c26133,"3603,6066,6550,7794"
c26131,"5989,6569"
c26137,"2246,5183,6121"
c26135,"2246,7084,7244"
c17109,"4212"
c01071,"7428"
c31089,"6359"
c46117,"4593"
c46115,"3300"
c39079,"4085"
c31083,"6359"
c39077,"2252"
c31081,"6359"
c39075,"3010"
c31087,"4386"
c04001,"7897"
c31085,"4386"
c39071,"1038,4028"
c01075,"590"
c31065,"6359"
c30049,"3216"
c31067,"5968"
c22079,"7562"
c31061,"6359"
c01077,"34,7111,7446"
c31063,"6359"
c30041,"3216"
c30043,"6400"
c31069,"5657"
c30045,"6400"
c30047,"3216"
c56031,"5657"
c22091,"6489"
c22093,"2183,3039"
c22095,"2183,3039"
c22097,"3616,4336"
c22099,"5997,6103"
c47063,"6928"
c06047,"5852,6711,6804"
c21059,"6498"
c21051,"3844"
c06041,"2551"
c21053,"3844"
c21055,"6157"
c21057,"3844"
c37123,"5544"
c19129,"7785"
c29189,"1178,1329,1444,1658,1985,2408,2707,3397,4256,4330,4500,5176,5326,5836,6391,6660,6744,7472,7747"
c51550,"2890,3359"
c19123,"6889"
c37129,"4534"
c19127,"6630"
c19125,"6419"
c51089,"1262,3258"
c48049,"4364"
c40079,"5437"
c51081,"6021"
c40077,"3163"
c51083,"977"
c40075,"3457"
c51085,"1086,1522,1599,3136,4286"
c40073,"3465"
c51087,"384,540,617,1080,1086,2998,5804"
c40071,"1209"
c16031,"1569"
c47089,"6517"
c38105,"877"
c06049,"5480"
c47085,"7484"
c38101,"877"
c47083,"7484"
c38103,"7578"
c47081,"4306"
c51159,"836"
c29181,"7483"
c19019,"6630"
c51153,"1885,1895,2068,4472"
c19017,"525,7411"
c19015,"3928"
c51157,"3373,4466"
c19013,"525,5837,6455,6630,7411"
c51155,"401"
c19011,"6630"
c08007,"4153"
c08005,"1410,1583,3200,3648,3729,3807,4293,4418,4550,5493"
c08003,"662,2945,2996,4068"
c08001,"1583,2240,5763,7243,7537,7737"
c08009,"4694"
c47113,"5002"
c38039,"876"
c38031,"7578"
c38033,"4593"
c38035,"876"
c38037,"4593"
c36051,"1551,2228,3951"
c36053,"5030"
c36055,"191,340,578,1126,1405,1450,1511,1559,1591,2228,2340,3015,3157,3173,3181,3838,6868,7903"
c36057,"7031"
c36059,"352,353,527,545,569,884,1468,1537,1546,1554,1803,2027,2638,2869,2872,2875,3950,4567,6746,6806"
c18053,"1720"
c18055,"5188"
c18057,"868,1018,1024,5010,6956,7617"
c37059,"3196,7815"
c37053,"7715"
c37051,"7443"
c51027,"6802"
c37057,"3196,7815"
c18061,"5492,6858,7516"
c27041,"3313"
c27043,"2957,4260,7541"
c27045,"3723,7596"
c27047,"2957,3055,3633,6022"
c27049,"2861,3691,3751,3848,5299,6217,7273"
c20163,"3172"
c54073,"7515"
c53019,"4980"
c53015,"3812,4692"
c53017,"7776,7803"
c53011,"2471,2811,3674,6343"
c53013,"4061,4104,5920"
c20207,"938"
c48099,"647"
c48095,"3366"
c48097,"3802,4192,5212,5411,6901,7303,7503"
c48091,"3679,5103,7138,7264,7621,7872"
c48093,"4364"
c41039,"2521,5085"
c45001,"4965"
c45003,"1102,5734,6715,6716,7076,7883"
c45005,"6715"
c48259,"7621"
c41031,"753,5468,6465,7032"
c48257,"3310,7708"
c41033,"5198"
c48255,"7088"
c41035,"4057,7032"
c48253,"3366"
c41037,"4057,7032"
c48251,"7125"
c04003,"1726,6127"
c01073,"538"
c04007,"5059,6656"
c04005,"2486,7897"
c01079,"34,7111,7446"
c04009,"1726,6127"
c12043,"7519"
c48009,"7303"
c28149,"456"
c28141,"34,7111,7446"
c28143,"7568,7868,7908"
c28145,"5002"
c28147,"1421"
c13099,"5848"
c39005,"5413"
c13091,"6139"
c13093,"3635"
c13095,"4240,4730,5828,5840,6471,6919,7315,7470"
c13097,"4193,4459"
c48419,"2582,4295"
c34001,"5420"
c48411,"647"
c48413,"4063"
c48415,"3366"
c48417,"3366"
c42109,"2539,2559"
c31031,"4593"
c42101,"321,423,1218,3929,3974,4373,4454,4637,7599"
c42103,"1989,3142,6945"
c42105,"6892"
c31037,"5906"
c13165,"6715"
c13167,"6139"
c13161,"6139"
c13163,"6715"
c51033,"1086,1522,1599,3136,4286"
c31035,"6359"
c13169,"4941"
c20009,"3172"
c47087,"6846"
c20005,"1802,7064"
c20007,"6809"
c20001,"938"
c20003,"938"
c48077,"7303"
c48075,"3457"
c42039,"3954"
c48071,"118"
c42035,"4027"
c42037,"222,1143"
c42031,"3954,3957"
c42033,"4027"
c28031,"2190"
c28033,"4764,5002,5045,7313"
c28035,"2190"
c28037,"7836"
c28039,"1927,6677"
c54051,"4467,4991,7670"
c46053,"3298"
c46051,"3300"
c46057,"3298,4182"
c46055,"4593"
c46059,"3298,4182"
c06081,"100,199,253,751,766,840,2144,3045,4904,4990,5026,5940"
c48451,"3366"
c06083,"3512,5102,5136,5818"
c06085,"8,114,115,192,254,256,299,581,604,649,668,670,751,846,971,972,1072,1351,1700,1868,1967,2135,2367,2473,2643,2813,2854,3256,3482,3501,4765,5027,6036,6238,6241,6619,6822,6884,6962,7308,7445,7528"
c06087,"8,114,115,192,254,256,299,581,604,649,668,670,751,846,971,972,1072,1351,1700,1868,1967,2135,2367,2473,2643,2813,2854,3256,3482,3501,4765,5027,6036,6238,6241,6619,6822,6884,6962,7308,7445,7528"
c06089,"4643"
c47069,"5002"
c20133,"6542"
c20135,"3172"
c20137,"6359"
c16069,"4061,4104,5920"
c16067,"1569"
c16065,"4175"
c16063,"6358"
c16061,"7301"
c42107,"2539"
c21199,"3844"
c39069,"6181"
c39065,"3777"
c21191,"554"
c39067,"4121"
c21193,"3844"
c39061,"144,3201,4028,4284,4521,6084"
c21195,"3821"
c39063,"3777"
c21197,"7693"
c29037,"1986,2164,2357"
c29035,"5060"
c29033,"2457"
c29031,"4356"
c21087,"5492,6858,7516"
c29039,"5730"
c31051,"5906"
c31053,"5906"
c31055,"5906,6805"
c31057,"4386"
c34027,"11,193,2458,2577,2600,4361,6016,7045"
c34025,"1089,1807,2495,2590,5895"
c34023,"25,56,224,747,1089,1228,1626,1923,2554,3515,4573,5624,5895,6897,7587"
c34021,"293,1089,1403,1807,2016,2180,2191,2495,2590,5666,5684,5895"
c26095,"5706"
c26097,"4988,5213,5709,5878"
c26091,"3773,5066,5567,6150,6556,6570,7175,7501"
c26093,"1322,2145,3536,3568,3641,3668,3707,4362,4776,5114,5641,6548,6591,7056,7211,7220,7225"
c26099,"217,245,453,818,1189,1718,2851,3175,3539,4130,4810,4815,5046,5214,5225,5436,5555,6120,6567,6958,7188,7206,7597,7762,7791,7813,7854"
c21065,"7693"
c21067,"2856"
c18039,"1555,2867,7502"
c22089,"2183,3039"
c21063,"7693"
c22087,"1421,7094"
c22085,"7562"
c22083,"3468,7834,7874,7914"
c21069,"7693"
c22081,"7899"
c04021,"698,996,2449,4111,6871,7017,7755"
c18035,"447"
c54057,"1629"
c19139,"648,6420"
c37133,"3336"
c37135,"587,900,4795,4829,6332,6426,6502,7763"
c37137,"6565"
c37139,"7715"
c18033,"4982"
c19133,"5906"
c19135,"6889"
c19137,"7785"
c40121,"3163"
c40069,"2352"
c18031,"3947"
c40065,"3457"
c40067,"3457"
c40061,"4005"
c40063,"2341,6464,6900"
c45053,"4701,7104,7824"
c47099,"34,7111,7446"
c47095,"7255"
c56023,"3288"
c47097,"7896"
c47091,"3984"
c45051,"1287,2187,4073,4074,4075,4267,4582,4823,4847,5063,5130"
c47093,"1466,2393,3140,3824,3966,4265,4576,5744,6517"
c30057,"6400"
c30055,"4593"
c19009,"7309"
c30051,"3216"
c19005,"7646"
c48205,"4694"
c19007,"6889"
c19001,"6419"
c19003,"7785"
c48207,"3366"
c40045,"2373"
c15009,"2439,2443,3882,7724"
c08073,"7479"
c08071,"662,2945,2996,4068"
c08077,"1332,4944"
c08075,"4386"
c15001,"1056,3878,3880,3881"
c15003,"359,368,2090,2437,2438,2441,2444,2445,2477,2504,2853,2896,3008,3721,3800,4270,6704,7548,7898"
c08079,"1332,4944"
c15005,"2439,2443,3882,7724"
c15007,"2465"
c40129,"2373"
c38005,"877"
c38007,"4593"
c38001,"4593"
c38003,"4818,7048"
c31141,"6359"
c38009,"877"
c54005,"337"
c48073,"3037"
c36069,"1518,1551,1559,1585,2228,3003,3181,3951,6490"
c36065,"5030"
c36067,"7027"
c36061,"694,1660,1880,3004,3419,4263,4571,4640,5421,5891,6873,7272,7668"
c36063,"378,1507"
c37049,"6565"
c40049,"5930"
c37041,"3796"
c40099,"2352"
c37043,"6899"
c51051,"6802"
c37045,"6961"
c37047,"6512"
c51790,"3361"
c23027,"2648,4041,4473,4906,6172"
c23025,"6153,6172,6337"
c23023,"4041,5633"
c27059,"3038,5464,5999,7068"
c08109,"662,2945,2996,4068"
c27057,"3102,3134,3275,3754,4674,4703"
c08107,"7485"
c27055,"2977,5339,5914,7596"
c08105,"4153"
c27053,"1816,2129,2239,2264,2470,2480,2498,2500,2502,2513,2525,2526,2529,2549,2574,2846,2879,2989,3023,3026,3081,3082,3291,3610,3630,4198,4207,4277,4511,4693,4778,5278,5340,5637,6147,6749,7019,7180,7258,7432,7530,7850"
c08103,"7485"
c27051,"3293"
c08101,"662,2945,2996,4068"
c55129,"6732"
c48079,"7573"
c53009,"3826"
c53003,"4061,4104,5920"
c53001,"4061,4104,5920"
c53007,"1778,2522,2903,2910,2930,3268,3663,4089,4309,4512,4681,4683,7627"
c53005,"7696"
c41005,"1425,1432,2550,2635,2733,2915,3131,4051,6696,7034"
c48089,"5503"
c41007,"3673,6845"
c41001,"3712"
c41003,"847,955,957,997,7448"
c48083,"3366"
c48081,"3366"
c48087,"4694"
c41009,"4127,4662,5450"
c48085,"1296,1745,3802,5411,5417,5431,6171,6369,6901,7503"
c55085,"6345,7638"
c48249,"3035"
c45019,"342,3489,4243,4533,4748"
c45017,"1293,1398,1553,2815,3976,5317,5327"
c45015,"3490,4533"
c29139,"3792,5147"
c45013,"4701,7104,7824"
c55087,"93,1716,6318"
c45011,"6715"
c18065,"3947"
c18067,"45,292,3940"
c01049,"7428"
c18063,"3176,3487,4103,4485,5944"
c01045,"5848"
c01047,"3139"
c18069,"1501"
c01043,"538,3959"
c13087,"6919"
c13085,"3815,6944"
c13083,"4924,5005,5058,6937"
c55083,"6624"
c13081,"4730,5828,5840,6471,6919,7315"
c02240,"568"
c13089,"1795,4026,4080,5074,5332,5651,6340,6705"
c29133,"7255"
c55123,"5903"
c29131,"3284,7662"
c18149,"7198"
c48407,"7440"
c36087,"6401,6911,6969,7318,7730"
c48405,"2582,4295"
c36085,"522,4012"
c48403,"2582,4295"
c36083,"5149"
c48401,"3037"
c36081,"640,1601,1635,1796,2579,2601,2638,2895,3017,3204,4528,5298,5599,6590,6593,6636,6648"
c55089,"3197,4786,4804,5096,6823"
c48409,"3035"
c36089,"229"
c24013,"2199"
c24011,"3389"
c24017,"3650"
c24015,"365,1370"
c24019,"3389"
c13173,"7499"
c13171,"4941"
c13177,"4730,5828,5840,6471,6919,7315"
c13175,"6139"
c13179,"4701,7104,7824"
c39013,"4467,4991,7670"
c20039,"6359"
c20031,"938"
c20033,"6809"
c20035,"935"
c20037,"6542"
c28157,"6923"
c49049,"3289,3405,5071,6844"
c42029,"1168,1391,1495,1640,2095,2234,4342"
c28153,"2190"
c28151,"6068"
c42023,"4027"
c31137,"6359"
c42021,"4547"
c49043,"6844"
c42027,"4027"
c49045,"4348"
c28159,"590"
c49047,"7485"
c24510,"1719,2534,6326"
c31135,"4386"
c28029,"7474"
c28027,"7798,7846,7908"
c28025,"590"
c28023,"2190"
c28021,"7836"
c46041,"4593"
c46043,"3298"
c46045,"7578"
c46047,"5657"
c46049,"7578"
c51021,"3072"
c20105,"3172"
c20107,"1108"
c17099,"2022,2338,3695"
c20103,"1802,7064"
c17095,"4212,7417"
c17097,"2358,3734,4296"
c17091,"5847"
c17093,"2022,2338,3695"
c42117,"1551"
c42115,"222"
c42113,"222"
c42111,"4547"
c42119,"2539,2559"
c17077,"4356"
c17075,"5847"
c16079,"7301"
c17073,"4212,7417"
c17071,"4212"
c16075,"2594"
c16077,"1569"
c16071,"1569,3562,6680"
c16073,"7895"
c17079,"5188"
c21187,"2783"
c06057,"3257,6644"
c21185,"2783"
c06055,"6918,7667"
c21183,"6498"
c06053,"2035,4171,4255,5104,5171,6039,6410,6506,6665,7413,7777"
c21181,"7693"
c06051,"1323,1422"
c29199,"6889"
c21189,"3844"
c06059,"2496,3309,3476,3952,4079,4141,4276,4322,4470,4619,4763,4913,5199,5805,5835,5966,6072,6220,6499,6535,6560,7157,7230,7447"
c20139,"938"
c35035,"5613,6682"
c35033,"7540,7649"
c35031,"4153,7540"
c39051,"6181"
c39053,"3492"
c39055,"5973"
c39057,"6936,7434"
c29043,"5730"
c29041,"4809"
c29510,"931,1444,2707,2978,3397,4500,5176,5583,6660,6744,7472,7746,7747"
c29047,"1764,1806,1827,1939,2345,2457,4959,5082,5098,5126,5141,5809"
c29045,"7141"
c29049,"1806,2457"
c34039,"136,224,1228,1257,2554,5624,7853"
c31049,"4386"
c34035,"41,56,75,102,136,303,1257,1279,1403,2458,2577,3637,4281"
c34037,"1989,3142,6945"
c34031,"223,2600,3314,6860"
c34033,"316,5420"
c26083,"2586,5486"
c20131,"5968"
c26081,"216,244,288,858,904,2075,2771,3234,3357,3875,4967,5473,5963,5980,6065,6090,6877,7054,7073,7210,7234,7248,7911"
c54041,"2614"
c26087,"68,70,494,1684,2137,2604,3534,3535,4961,5048,5238,5460,5662,6019,6085"
c26085,"3603,5086,6600"
c55125,"6345,7638"
c26089,"3688,4398,5562,6075,6599"
c29141,"6886"
c21073,"2856"
c21071,"3821"
c21077,"3814"
c21075,"7255"
c29147,"7785"
c21079,"2856"
c48443,"4063"
c29145,"3160"
c48441,"3366"
c51530,"3939"
c37109,"6639"
c37105,"2059,3229,3822,4829,5190,5511,7463"
c37107,"2682"
c37101,"435,5919,6004"
c37103,"3336"
c27105,"3871"
c48445,"1817,4717,4734,5866,5888,6993"
c08055,"662,2945,2996,4068"
c40051,"3931,5930"
c40053,"6809"
c40055,"3457"
c40057,"3457"
c22019,"3616,4336"
c19039,"6419"
c30021,"4593"
c30027,"6400"
c17169,"4212"
c19031,"5041"
c19033,"525,7411"
c19035,"7309"
c19037,"525,7411"
c08061,"7479"
c08063,"4386"
c08065,"1799,2083"
c08067,"4153,7540"
c27119,"3277"
c51197,"3072"
c27117,"3298"
c51195,"6802"
c27115,"4166,5720,6044"
c51193,"836"
c27113,"3277"
c51191,"6802"
c27111,"3278,3293,3297,3839,4539,4703"
c38013,"877"
c38011,"4593"
c38017,"4818,7048"
c38015,"7578"
c39103,"2603"
c38019,"877"
c19105,"5041"
c19107,"6889"
c19101,"6889"
c19103,"167,5041"
c19109,"2957,4260,7541"
c39107,"3777"
c37075,"6899"
c36079,"5943,6880,7016,7504"
c37077,"7671"
c37071,"6894"
c37073,"7675"
c36073,"4093"
c48117,"4799,7573"
c36071,"6401,6911,6969,7318,7730"
c39105,"7515"
c36077,"4203,5585"
c37079,"2682"
c36075,"7027"
c22011,"7562"
c19113,"967,6412"
c27029,"3134,3275,3754,4181,4674,6453,7235"
c18183,"1501,4982"
c18181,"461,1747,7198"
c08115,"4386"
c27023,"3212,3292,6628"
c08117,"1799,2083"
c27021,"2503,3036,3134,3275,3294,3754,4674,4703,5913"
c08111,"1332,4944"
c27027,"4360,5929"
c08113,"1332,4944"
c27025,"2532,3038,5290,5464"
c47121,"7406"
c39029,"3193,4601,5418"
c21213,"4306,4740,5186,7525"
c47123,"4504,6517"
c56037,"7485"
c41013,"753"
c41011,"4110"
c50009,"2523"
c41017,"753,5468,6465,7032"
c41015,"4110"
c50003,"6484"
c41019,"2521,5085"
c50001,"2370"
c50007,"6300,7030"
c50005,"2523"
c48279,"7573"
c45069,"7029"
c51840,"2988"
c45063,"1293"
c45061,"5777"
c45067,"1051"
c45065,"5632,7076,7676"
c18073,"7198"
c18071,"4926"
c18077,"2783"
c18075,"1720"
c01053,"4179"
c01051,"7072"
c01057,"538,3959"
c01055,"7428"
c48183,"3037"
c48181,"6768"
c48187,"3679,5103,7264"
c48185,"1477,6547,7492"
c48189,"7573"
c36095,"7031"
c48473,"624,4639,5427"
c36097,"5254"
c48471,"1477,6547,7492"
c36091,"20,3044,4508"
c48477,"624,4639,5427"
c36093,"7031"
c17015,"6651"
c48479,"6315,7521"
c36099,"5254,6490"
c20071,"4386"
c24001,"1629"
c24003,"1111,2377,4541,5830,7879"
c17017,"4156,4314"
c24005,"1719,1727,2534,4505"
c24009,"4514"
c20073,"935"
c12067,"3556"
c17013,"1094,1288,1706,3330,4329,7435"
c20027,"5968"
c02185,"568"
c20025,"6809"
c02180,"568"
c20021,"6542"
c13189,"5632,7676"
c13187,"3815,6944"
c13185,"7499"
c02188,"568"
c13183,"4701,7104,7824"
c20029,"3172"
c13181,"5632,7076,7676"
c49057,"3239,7905"
c49055,"3289,3405,5071,6844"
c49053,"60"
c49051,"6844"
c28123,"590"
c48053,"647"
c48055,"3679"
c48057,"3834"
c48059,"3366"
c28129,"2190"
c01065,"590"
c48501,"5783"
c28059,"1927,6677"
c28053,"6068"
c28051,"590"
c28057,"538,3959"
c28055,"456"
c46079,"3298"
c46075,"4593"
c46077,"3298,4182"
c46071,"4593"
c46073,"3298"
c02290,"568"
c54059,"337"
c17089,"2022,2338,2451,3067"
c20117,"5968"
c20115,"935"
c17083,"4232"
c17081,"4187"
c34029,"87,204,816,1647,1807,2729,5113,5457,5684,6226,6921"
c17087,"4356"
c17085,"171"
c20177,"5968"
c17065,"4187"
c16049,"7301"
c17067,"7141"
c17061,"4232"
c17063,"2022,2338,3695"
c16041,"2993"
c16043,"4175"
c17069,"6157"
c16045,"2594"
c16047,"6358"
c06045,"2551,5728,6814,6883,6918"
c28113,"2080"
c39045,"4085"
c39043,"2252,7165"
c39041,"1014,1317,3010,3484,3591,4145,4611,5667"
c48437,"7573"
c29187,"5060,7117,7773"
c29186,"5060"
c29185,"6886"
c29183,"1094,1288,1706,3330,4329,7435"
c48023,"3457"
c39049,"128,677,1014,1317,3324,3591,4085,4145,4269,5667,6916,6927,6964"
c35025,"5783"
c35027,"7271"
c35021,"4799,7573"
c35023,"1726,6127"
c54037,"2988"
c48025,"3035"
c35029,"2657"
c35028,"4153"
c48433,"3366"
c29051,"3792,5147"
c29053,"4522"
c29055,"7117"
c28115,"5002"
c20209,"1769,1802,1847,1982,1994,5189,7064"
c23009,"6329"
c29059,"7662"
c20205,"6542"
c20203,"4386"
c20201,"5968"
c29149,"7483"
c34009,"5420"
c31039,"5906"
c31033,"4386"
c34003,"1672,1676,2070,4652,4653"
c34005,"87,204,816,1647,1807,2729,5113,5457,5684,6226,6921"
c34007,"203,204,3151,4750,6921,7110,7877"
c26079,"4983,6121,7808"
c26077,"2767,4327,4381,4408,4482,5152,5161,5227,5623,5675,6002,6588,7203,7256,7658,7811"
c26075,"1502,2611,4216,5205,5523,5674,5685,6081,6591,6635,7197,7209,7221,7222,7501,7656"
c26073,"3570,4819,5231,5257,6033,6102,6582,6963,7109,7495"
c26071,"7768,7827"
c21089,"7693"
c21017,"2856"
c21085,"5492,6858,7516"
c21083,"3843,6157"
c21081,"3814"
c46097,"3298"
c46095,"4593"
c46093,"4593"
c46091,"3300"
c46099,"3298"
c40047,"6809"
c31147,"7785"
c37119,"3506,4290,4935"
c31145,"6359"
c40043,"3465"
c31143,"6359"
c40041,"3160"
c51059,"116,611,612,614,620,623,1123,1418,2186,2421,3455,5243,5549,5587,6504,6543"
c37113,"6899,6932"
c51057,"836"
c37111,"6639,6888"
c37117,"3796"
c51053,"5546"
c37115,"5854"
c31149,"6359"
c31181,"6359"
c54015,"3492"
c21061,"5492,6858,7516"
c19027,"7309"
c19025,"7309"
c19023,"525,7411"
c19021,"7309"
c31185,"6359"
c19029,"7785"
c30031,"6400"
c30033,"6400"
c30035,"3216"
c30037,"6400"
c30039,"3216"
c53049,"3812"
c27109,"2530,4859,6758"
c08059,"1799,2083"
c51610,"6504"
c01039,"2556,5616"
c27107,"4360,5929"
c08057,"159,1977,4388,4499"
c27101,"5991"
c08051,"1332,4944"
c27103,"3018,3122"
c08053,"1332,4944"
c47125,"7484"
c19111,"7141"
c29143,"7255"
c19117,"6419"
c19115,"6420"
c19119,"3298"
c47129,"4265,4462"
c37063,"587,900,4561,4816,6332,6426,6502"
c37061,"3336"
c32009,"5875,7802"
c37067,"5679"
c37065,"2642,7739"
c18019,"2783"
c37069,"4291,5762,6240"
c27039,"3848,4859,6022,6758"
c23001,"3930,6224"
c23003,"4564"
c23005,"58,133,172,3609,5265,5687,6161"
c23007,"3930,6153"
c27031,"3054"
c08121,"4386"
c27033,"5991"
c08123,"4386"
c27035,"2503,3294,5913,6132"
c08125,"4386"
c27037,"2177,2220,2501,2511,2518,2606,2667,2987,3042,3100,3184,3691,3926,4215,4506,4549,6217"
c48349,"2805,4641"
c37131,"7739"
c31183,"6359"
c51520,"4020,5022,6219"
c51079,"4466"
c48267,"6935"
c55141,"2143,5826"
c48265,"6935"
c48263,"3366"
c48261,"2721"
c50011,"2523"
c50013,"6300,7030"
c50015,"2523"
c54107,"7515"
c50017,"885,6933"
c45079,"1293,1398,1553,2815,3976,5317,5327"
c48447,"3366"
c45071,"4451,6366"
c45073,"343"
c45075,"342,3489,4083"
c45077,"281,283,1319,3651,6366"
c19131,"3055,3723,6022"
c48269,"3366"
c18089,"71,2171,3147,7695"
c18087,"7502"
c18085,"2909"
c18083,"4008"
c18081,"1741,3180,6451"
c51105,"6302"
c51640,"3072"
c54069,"4467,4991,7670"
c48191,"4694"
c01081,"7072"
c48193,"647"
c01083,"34,7111,7446"
c48195,"4694"
c01085,"7072"
c48197,"3457"
c01087,"7072"
c48199,"7440"
c01089,"442,2973,3319,5858,6107,7111,7446"
c48461,"4301"
c48463,"3561"
c48465,"4063"
c48467,"3310,7708"
c48469,"3834"
c24039,"3389"
c24035,"1111,2377,4541,5830,7879"
c24037,"836"
c24031,"449,1389,4099,4464,4638,5115,6584"
c24033,"2819,3714,4464,4949,6213,6239,6893"
c54021,"7515"
c25025,"125,246,1965,3958,4796,6201,6367,6529,7795"
c20053,"3172"
c20051,"3172"
c13199,"3581"
c20057,"935"
c02195,"568"
c20055,"3172"
c13195,"4189,5132,6910"
c13197,"4188"
c20059,"938"
c13191,"4701,7104,7824"
c13193,"3635"
c28013,"590"
c49023,"4348"
c49021,"987,988,3009,5049,5429,6519,6824,6825,6957,7077,7183,7422,7423,7424,7425,7426,7654,7880"
c49027,"4348"
c49025,"2486,7897"
c28011,"6068"
c29129,"4809"
c28131,"364,1927,4107"
c22043,"7562"
c28133,"6068"
c28135,"6068"
c54039,"3492"
c17033,"5188"
c28139,"5002"
c48045,"4694"
c48043,"7750"
c29017,"4356"
c48041,"624,4639,5427"
c54023,"1629"
c28049,"7474"
c12003,"3556"
c28041,"2190"
c29011,"6542"
c28043,"6068"
c28045,"1421,7094"
c28047,"364,1927,4107"
c12005,"2556,5722"
c54101,"3492"
c46069,"4593"
c28107,"7798,7846,7908"
c29013,"1986,2164,2357"
c46063,"4593"
c46061,"3298"
c17035,"5188"
c46067,"3298"
c46065,"4593"
c02282,"568"
c54025,"5724"
c17051,"7496"
c17053,"7848"
c17055,"4187"
c12029,"4118,5145"
c12027,"3627"
c12023,"3556"
c12021,"1744"
c39033,"5413"
c06073,"812,1266,1538,1572,1622,2102,2485,2543,2658,2827,2839,2984,3021,3128,3255,3341,3647,3704,3749,3965,4014,4139,4160,4486,4583,4616,4738,4919,4984,5025,5137,5474,5477,5514,5627,6659,6695,6885,6995,7441"
c06075,"4159,4669,4973,5507,5700,5924,6418,7468,7847"
c39035,"120,695,1248,1308,1787,2172,2399,4780,5973,6355,7043,7055"
c06079,"973,1388,5102"
c39039,"6181"
c17183,"461,1747"
c35013,"1164"
c17187,"4212"
c17185,"7454"
c35019,"7540,7649"
c17189,"7496"
c06017,"3189"
c12113,"4179"
c12111,"7442"
c12117,"4024,6527"
c12115,"3627"
c29065,"6817"
c12119,"1557,2797,4065"
c29061,"2457"
c29063,"1806,2457"
c31029,"4386"
c31021,"5906"
c31023,"5906,6805"
c28103,"590"
c31025,"5906,6805"
c31027,"3298"
c29087,"7785"
c29085,"7662"
c26069,"5547,5661,6545,7172,7250"
c29083,"4455,6424"
c29081,"2457"
c26065,"1504,3655,5674,5704,6078,6548,6591,6592,6594,6595,7144,7226,7817,7818"
c26067,"3234,5256,5316,7195,7210,7665,7812,7911"
c26061,"857,2586,5486,6581"
c26063,"5155,5156"
c29089,"4522"
c21099,"5492,6858,7516"
c39149,"3777"
c21095,"6302"
c39147,"5413"
c21097,"2856"
c39145,"7693"
c21091,"6498"
c39143,"279,451,7460"
c21093,"5492,6858,7516"
c39141,"4085"
c16057,"7301"
c16055,"3145,7301"
c54029,"4467,4991,7670"
c16053,"6358"
c30059,"6400"
c16051,"1566"
c46089,"7578"
c16059,"6400"
c31155,"5906,6805"
c40033,"3457"
c31157,"5657"
c40031,"3457"
c51049,"6194"
c40037,"2333"
c31153,"5906,6805"
c40035,"3179"
c51045,"5724"
c51047,"3373,4466"
c51510,"3455,5587"
c51041,"346,539,5546,6334,7429"
c51043,"2988"
c46037,"3300"
c19053,"6419"
c19051,"6889"
c19057,"6420"
c19055,"6630"
c39047,"6936,7434"
c19059,"5576"
c34017,"3340,5438"
c34015,"203,1791,3151"
c34013,"555,714,752,1811,4035,5310,5732,5992,6943"
c30009,"6400"
c34011,"5420"
c30005,"6400"
c30007,"6400"
c30001,"6400"
c34019,"102,219,1279,1403,3637"
c30003,"1303"
c29167,"7662"
c51600,"1123"
c27139,"2169,2511,3184,4648,4663,5275,5541"
c08049,"1157,1245,1584,1619,2036,2261,2972,7891"
c40149,"2373"
c08043,"662,2945,2996,4068"
c27131,"3691,3848,5275,5434"
c08041,"662,2945,2996,4068"
c27133,"3298"
c08047,"1157,1245,1584,1619,2036,2261,2972,7891"
c27135,"2654,2883,3750,5172"
c08045,"1332,4944"
c27137,"2499,2512,4009,4217,4230,4656,4845,5232,5653,5690,6047,7311,7797,7864"
c51181,"7330"
c47111,"4306,4740,5186,7525"
c51183,"6021"
c47115,"4924,5005,5058,6937"
c47117,"547"
c47119,"4306"
c20099,"6542"
c51185,"6802"
c37099,"6932"
c37097,"3196,3680"
c37095,"6565"
c37093,"7029"
c37091,"7675"
c27005,"3278,4539,4703,5929"
c27007,"3134,3275,3754,4181,4674,6453,7235"
c27001,"2503,3294,5913,6132"
c27003,"2052,2181,2207,2225,2227,2232,2472,2532,3023,3407,4664,5290,6912,7038,7068"
c27009,"3244,3740,6045"
c16081,"4175"
c23019,"4564"
c23017,"3930"
c23015,"4041,5633"
c23013,"4041,5633"
c21001,"3844"
c23011,"2648,4041,4473,4906,6172"
c48299,"647"
c51630,"339,6882"
c20097,"935"
c50025,"213,1729,1786,4958,6895"
c50027,"95,885,6933"
c50021,"2370"
c50023,"885,6933"
c45045,"281,283,1319,3651,6366"
c45047,"4451,6366"
c45041,"1758,6167,6222"
c45043,"4074,6167,6222,6626,7085"
c48219,"1817,4717,4734,5866,5888,6993"
c45049,"3998"
c48291,"231,624,1255,2585,2587,2882,3103,3335,3728,3735,3847,4587,4639,5070,5261,5427,5829,5892,5908,6111,6488,6645,7115,7312,7418,7510,7518,7691"
c48297,"7088"
c48457,"7440"
c18099,"2909"
c18095,"447"
c18097,"234,829,1018,1024,1529,4580,6721,7457"
c29157,"4356"
c18091,"2197,3936"
c18093,"5403"
c05085,"7804"
c05087,"7260"
c05081,"6186"
c05083,"5437"
c05089,"16,323"
c01099,"4179"
c13219,"5132"
c01097,"7512"
c13217,"6750"
c01095,"538"
c13215,"4188"
c01093,"538,3959"
c13213,"5900,6712"
c01091,"590"
c13211,"5132"
c48459,"3037"
c48329,"4301"
c48455,"4295"
c48325,"3561"
c48323,"3561"
c48321,"7616"
c24029,"3941,7770"
c29151,"6817"
c24023,"1629"
c24021,"686,3793,5841,7886"
c24027,"888,2537,2849,3748,5945,6863,7879"
c24025,"3941,7770"
c20041,"5968"
c20043,"1806,5013,5082,5126"
c46107,"4593"
c20045,"5119"
c20047,"935"
c20049,"935"
c02164,"568"
c46101,"3298"
c49031,"3289,3405,5071,6844"
c49033,"2993"
c49035,"3006,3225,3230,3243,3245,3289,4585,4598,5071,5159,5933,5974,6411,7151,7436,7634,7906,7909"
c46102,"4593"
c49037,"1332,4944"
c49039,"3289,3405,5071,6844"
c48453,"418,2158,2468,2583,2789,2881,5052,6321,6357,6377,6800"
c13321,"4240,7470"
c29003,"1806,2457"
c48039,"5414,5923,7410,7616"
c28109,"1421"
c28105,"590"
c48031,"6357,7621,7872"
c28101,"590"
c48035,"7125"
c48293,"2950,7511"
c46109,"3300"
c42099,"2539,2559"
c42093,"222,1143"
c42091,"272,341,423,433,484,708,709,1218,1712,2607,3974,4373,5181,5404,5407,6808,7414"
c29057,"5730"
c42095,"5490"
c13037,"5840,5848"
c02198,"3238"
c36101,"1551"
c13031,"3998"
c13039,"3329"
c48147,"148,7708"
c48145,"2950,7511"
c48143,"4364"
c48141,"3043,4378,5047,6144,7533"
c48149,"5503"
c12039,"6145,6184"
c17049,"7496"
c48125,"1817,4717,4734,5866,5888,6993"
c12035,"5753,7754"
c12037,"6145"
c54011,"3492"
c17043,"2451,2704,3061"
c12033,"4179"
c02016,"568"
c21231,"3844"
c39023,"6936,7434"
c48127,"6315,7521"
c39025,"554"
c02013,"568"
c06069,"6884"
c06067,"2073,3250,3257,3598,3859,4698,5250,5274,7229"
c06065,"2493,3953,4056,4114,4161,4984,6821,6960,7482"
c06063,"4643"
c06061,"3257,6644"
c13293,"4941"
c17191,"4187"
c17193,"7454,7657"
c17195,"6651"
c17197,"2338,4241,4292"
c17199,"4187"
c35006,"7540"
c35005,"7271"
c48123,"3834"
c35003,"6974"
c35001,"7540"
c12101,"4622,5842,6722"
c28075,"590"
c12103,"79"
c28077,"7474"
c12105,"1065,7450"
c28071,"5002"
c12107,"6322"
c28073,"2190"
c12109,"5753,7754"
c29071,"7117"
c29077,"5730"
c28079,"590"
c29075,"1806,2457"
c49029,"3239,7905"
c54013,"7515"
c29095,"1723,1730,1763,1775,1785,1825,1827,1939,1986,1987,2001,2353,2560,4959,5082,5141,5801,5809,5918,6843"
c26059,"4568,5502,5559,5676,5685,5688,6092,6556,7209"
c29097,"6542"
c29091,"7483"
c29093,"5060,7117,7773"
c26051,"5257,6533,7213"
c26053,"6345,7638"
c29099,"7117"
c26055,"1711,3767,4398"
c26057,"3570,5231,5234,5982,6582,6638,7289"
c39159,"1014,3484"
c44001,"88,4176,5846,6301"
c39155,"48,379,2010,5418"
c39157,"4121"
c39151,"4121"
c30025,"4593"
c39153,"2603,4121,7486"
c16023,"1566"
c16021,"2130"
c16027,"2594"
c48229,"2613"
c16025,"6358"
c21223,"2783"
c16029,"1569,3562,6680"
c21227,"4306,4740,5186,7525"
c21225,"7454,7657"
c40021,"2398,4005"
c31161,"5657"
c40023,"3152"
c31163,"6359"
c40025,"4694"
c28137,"4764,5002,5045,7313"
c40027,"2765,5578,7464"
c31167,"5906"
c40029,"2352"
c31169,"6359"
c51073,"6312"
c51075,"540,1086,2106"
c51077,"3072"
c18101,"5403"
c48047,"2966,3028,3029,4332,5894,5960,6180,6664,6733,6754,6830"
c44009,"78,121"
c54017,"2614"
c54035,"3492"
c19041,"5576"
c19043,"171"
c19045,"648,6317"
c19047,"7309"
c19049,"4646,6379,6419,7142"
c54033,"2614"
c23021,"4564"
c13283,"6139"
c21137,"3844"
c30019,"877"
c21135,"7693"
c21133,"3821"
c21131,"3844"
c30013,"3216"
c30011,"4593"
c30017,"4593"
c31019,"6359"
c30015,"6400"
c21139,"6157"
c27127,"2515,4741,6707"
c27125,"3277"
c27123,"2052,2175,2207,2227,2450,2491,2501,2513,2529,2574,2823,2825,2846,2855,3007,3100,3202,3206,3407,3745,3926,4225,4229,4506,4536,6912,7038,7849,7875"
c27121,"3292,3313,7257"
c51678,"3939"
c27129,"2509,3212,4174,4741,6707,7858"
c55081,"4011,4021,4054,5003,5019,5903,6166"
c23029,"6329"
c40151,"6809"
c40153,"6809"
c39101,"3010"
c47109,"5002"
c47107,"7406"
c47105,"4265,4462"
c54019,"3492"
c47103,"547"
c48169,"1817,4717,4734,5866,5888,6993"
c47101,"4306"
c37089,"1225"
c37085,"3229,7443"
c37087,"6932"
c37081,"1533,2655,3215"
c37083,"7739"
c27013,"3122,7541"
c27011,"3300"
c27017,"5690,6044,6047,6160,7041,7797"
c27015,"3122"
c27019,"2531,3026,3299,4198,4207,4663,4778,5626,7530"
c51700,"122,2363,5957"
c51595,"6021"
c55019,"2143,5826"
c55017,"5826"
c55015,"93,5586,6318"
c55013,"4166,5720,6044"
c55011,"7021"
c18137,"3814"
c18135,"3947"
c18133,"3176,3487,4103,4485,5944"
c18131,"7198"
c18139,"3947"
c48201,"231,624,1255,2585,2587,2882,3103,3335,3728,3735,3847,4587,4639,5070,5261,5427,5829,5892,5908,6111,6488,6645,7115,7312,7418,7510,7518,7691"
c48203,"3037"
c45057,"1553"
c45055,"1553"
c48209,"3679,5103,6357,7138,7264,7872"
c45059,"4451,6366"
c31003,"6359"
c51810,"2890"
c31001,"6359"
c08091,"1332,4944"
c08093,"1799,2083"
c08095,"4386"
c08097,"1332,4944"
c08099,"662,2945,2996,4068"
c55121,"7021"
c55127,"930,6574"
c28121,"7474"
c05093,"7896"
c05091,"6586"
c13259,"5848"
c05097,"6840"
c31005,"4386"
c05095,"7702,7908"
c05099,"6186"
c13209,"6139"
c13205,"4240"
c13207,"4941"
c13201,"6919"
c48449,"3037"
c48339,"1477,6547,7492"
c48335,"3366"
c48337,"7303"
c48331,"647,3743,6646"
c48333,"647"
c28127,"7474"
c51570,"5546"
c51660,"3274"
c27099,"3055,3723,6022"
c19095,"5935"
c20079,"935"
c20075,"7479"
c20077,"6809"
c02170,"568"
c19093,"7309"
c19159,"7785"
c49005,"2993"
c27155,"3300"
c49001,"4348"
c49003,"3239,7905"
c48029,"457,653,2969,3240,3345,3481,3545,3561,3997,4219,4412,5572,5681,5726,5754,5986,6155,7063,7088,7837"
c27093,"2509,3755,4174,5348,6175"
c28119,"7798,7846,7908"
c48021,"2789,4610,5503"
c28111,"2190"
c28117,"5002"
c19155,"5906,6805"
c48027,"647,3743,6646"
c27097,"4226,4480,4623,5999,7677"
c42089,"5490"
c37159,"3196,7815"
c42081,"4027"
c42083,"7251"
c42085,"48,379,2010,5418"
c42087,"4027"
c54007,"3492"
c13025,"3329"
c13027,"7499"
c13021,"4941"
c13023,"3635"
c13029,"4701,7104,7824"
c48155,"3457"
c48245,"118"
c48157,"624,3728,4328,4639,5414,5427,5908,7494,7705"
c48151,"3366"
c48153,"1817,4717,4734,5866,5888,6993"
c48159,"3037"
c48247,"2966,3028,3029,4332,5894,5960,6180,6664,6733,6754,6830"
c12009,"21,233,386,801,1592,7431"
c17039,"4213"
c12001,"4118,5145"
c17031,"101,111,1739,1781,2136,2151,2709,2725,3110,3488,4645,4702,4787,5125,5350,5822,6906,7237,7560,7608"
c17037,"5934"
c12007,"6322"
c06019,"1323,1422,1671,3303,3495,3970,5134,5817,6305,6926,7057,7663"
c39019,"4121"
c06013,"841,852,1280,1458,2141,5430,6059,6612,6662,6718,6981,7137,7401,7419,7686"
c39017,"1038,3201,4028,4521"
c39011,"3777"
c06015,"5198"
c42057,"4050"
c17057,"1736,1756,2040,2081,7417"
c51097,"4286"
c28063,"7836"
c17111,"3352"
c28061,"2190"
c20095,"935"
c28067,"2190"
c20093,"4386"
c28065,"2190"
c20091,"937,1710,1769,1777,1810,1982,1984,1997,2335,2410,5268"
c28069,"590"
c12131,"2556,5722"
c12133,"2556,5722"
c26047,"3618,4376,5314,6573,7171,7208,7790"
c17147,"4096"
c26045,"3658,5256,5674,5704,5710,6078,6594,7219,7223,7226,7254,7665"
c17145,"4187"
c26043,"7020,7154,7156,7713,7827"
c17143,"1736,1756,2040,2081,7417"
c26041,"3602,4391,4715,4835,7782"
c17141,"1625"
c26049,"68,70,314,322,468,494,894,1243,1322,1506,2145,2337,3534,3568,4998,5114,5150,5238,5282,5517,5524,5527,5533,5561,5612,5641,5660,5774,6086,6610,7211,7491,7772,7894"
c17149,"4232"
c49009,"7485"
c18141,"135,2197,3865,5484,7477"
c22039,"3616,4336"
c22037,"6489"
c22035,"456"
c22033,"3337,3606,3753,3991,4978,5785,6489,7331"
c22031,"1818"
c39169,"2603"
c06071,"3295,3953,4056,4161,5107,6668,6692,6821"
c39161,"3777"
c39163,"4085"
c39165,"1038,4028"
c01041,"2556,5616"
c21239,"2856"
c16033,"1566"
c39031,"3010"
c16035,"7301"
c16037,"6358"
c16039,"1891,2122,2594,5461,5871"
c21233,"7454,7657"
c21235,"3844"
c21237,"7693"
c39037,"3266"
c44007,"1350,5112,6620"
c44005,"78,121"
c44003,"1350,5112,6620"
c40019,"2352"
c31179,"5906"
c31177,"5906"
c40015,"2373"
c31175,"6359"
c40017,"3465"
c31173,"5906"
c40011,"3465"
c31171,"6359"
c40013,"2352"
c54001,"2614"
c39059,"3010,4085,4283,5667,6027,6834"
c55097,"93,2826,7915"
c19079,"3928"
c19075,"525,6164,7411"
c19077,"4646,6379,6419,7142"
c19071,"7785"
c19073,"7309"
c21125,"3844"
c21127,"7693"
c21121,"3844"
c21123,"5492,6858,7516"
c51063,"401"
c31009,"6359"
c21129,"7693"
c27153,"3839,7257,7677"
c27151,"3292,6628"
c27157,"2530,2861"
c19091,"7309"
c27159,"3839,4703"
c19099,"5935"
c17181,"4356"
c37055,"7715"
c35015,"5783"
c35017,"2657"
c48387,"3152"
c51067,"1262,3258"
c51065,"619"
c47179,"3984,5022"
c48343,"3037"
c51061,"339,1731,1885,3373"
c47173,"4576"
c47171,"3984,5022"
c47177,"6846"
c51069,"2988"
c47175,"4924,5005,5058,6937"
